{"soundVolume":0.800000011920929,"musicVolume":0.10000000149011612,"eax":false}